{
  "fionas number": {
    "seed": 952684,
    "numbers": [
      123814,
      690170,
      578565,
      473205,
      45125
    ],
    "randoms": [
      0.12381471559582963,
      0.6901697952720196,
      0.5785648527455353,
      0.4732049226170429,
      0.04512570381403235
    ]
  },
  "short string": {
    "seed": "short string 1",
    "numbers": [
      64758,
      733076,
      63495,
      405904,
      843679
    ],
    "randoms": [
      0.06475870826503202,
      0.7330754165226013,
      0.06349565184837937,
      0.40590425599641367,
      0.8436784738878154
    ]
  },
  "long string": {
    "seed": "long string 1 lorem ipsum sit amet decorum rex quandum et futurus veni vedi vici",
    "numbers": [
      803577,
      380151,
      971316,
      373527,
      831594
    ],
    "randoms": [
      0.8035769396478203,
      0.38015130599036406,
      0.9713152395427763,
      0.37352689698968405,
      0.8315935939697519
    ]
  }
}
